{"cameraMode":{"drawMode":0,"name":"Shaded","section":"Shading Mode"},"sceneLighting":true,"audioPlay":false,"sceneViewState":{"m_AlwaysRefresh":false,"showFog":true,"showSkybox":true,"showFlares":true,"showImageEffects":true,"showParticleSystems":true,"showVisualEffectGraphs":true,"m_FxEnabled":true},"in2DMode":false,"pivot":{"x":55.22074508666992,"y":16.81516456604004,"z":25.43465805053711},"rotation":{"x":0.20689815282821656,"y":-0.03462917357683182,"z":0.0073530590161681179,"w":0.9778926968574524},"size":3.2007763385772707,"orthographic":false}